id,input,expected
correction-000,"ჩემი ძმა ყოველ დილით სირბილზე დადის რათა ექიმმა მას მეტი მოძრაობა ურჩია, გუშინ მან ხუთი კილომეტრი გაირბინა, და ძალიან დაიღალა. სახლში დაბრუნებულმა, ცივი შხაპი მიიღო, და ცოტა ხნით დაისვენა.","ჩემი ძმა ყოველ დილით დარბის, რადგან ექიმმა მას მეტი მოძრაობა ურჩია. გუშინ მან ხუთი კილომეტრი გაირბინა და ძალიან დაიღალა. სახლში დაბრუნებულმა ცივი შხაპი მიიღო და ცოტა ხნით დაისვენა."
correction-001,"ბებიამ საღამოთი გემრიელი ხაჭაპური გამოაცხო, რადგან შვილი შვილებს სტუმრად ელოდა. მთელი ოჯახი მაგიდაზე დაჯდა და ერთად ვივახშმედ. ვახშმის შემდეგ ბაბუამ, ძველი ფოტოები გვაჩვენა და მისი ახალგაზრდობის ამბები მოგვიყვა.","ბებიამ საღამოს გემრიელი ხაჭაპური გამოაცხო, რადგან შვილიშვილებს სტუმრად ელოდა. მთელი ოჯახი მაგიდას შემოუსხდა და ერთად ვივახშმეთ. ვახშმის შემდეგ ბაბუამ ძველი ფოტოები გვაჩვენა და თავისი ახალგაზრდობის ამბები მოგვიყვა."
correction-002,"ნინო უნივერსიტეტში ისტორიას სწავლობს და ძალიან ბევრს კითხულობს მომავალ წელს, მან სადიპლომო ნაშრომი უნდა დაწეროს წუა საუკუნეების საქართველოზე. ამისთვის ის ყოველ კვირაში ეროვნულ ბიბლიოთეკაში ძველ ხელნაწერებს სწავლობს.",ნინო უნივერსიტეტში ისტორიას სწავლობს და ძალიან ბევრს კითხულობს. მომავალ წელს მან სადიპლომო ნაშრომი უნდა დაწეროს შუა საუკუნეების საქართველოზე. ამისთვის ის ყოველ კვირას ეროვნულ ბიბლიოთეკაში ძველ ხელნაწერებს სწავლობს.
correction-003,"ჩვენი სკოლის ეზოში დიდი კაკლის ხე სდგას, რომელიც, სკოლის პირველ დირექტორმა დარგო. ზაფხულში ბავშვები მის ჩრდილში თამაშობენ, შემოდგომაზე კი კაკალსა აგროვებენ. მასწავლებლები ამბობენ, რომ ეს ხე ასზე მეტი წლისაა.","ჩვენი სკოლის ეზოში დიდი კაკლის ხე დგას, რომელიც სკოლის პირველმა დირექტორმა დარგო. ზაფხულში ბავშვები მის ჩრდილში თამაშობენ, შემოდგომაზე კი კაკალს აგროვებენ. მასწავლებლები ამბობენ, რომ ეს ხე ასზე მეტი წლისაა."
correction-004,"დღეს დილიდან სწვიმდა, ამიტომ სახლიდან ქოლგიდ გავედი. ავტობუსი დიდი ხანი არ მოვიდა და სამსახურამდე ფეხით მომიწია სიარული. ქოლგის მიუხედავათ, ოფიში სულ სველი მივედი.","დღეს დილიდან წვიმდა, ამიტომ სახლიდან ქოლგით გავედი. ავტობუსი დიდხანს არ მოვიდა და სამსახურამდე ფეხით მომიწია სიარული. ქოლგის მიუხედავად, ოფისში სულ სველი მივედი."
correction-005,"გიორგიმ ორი წლის მანძილზე ფული დააგროვა და ბოლოს ახალი მანქანა იყიდა. ახლა, ის, ყოველ შაბათ-კვირა, მეგობრებთან ერთად მთაში დადის. მისი საყვარელი ადგილი სვანეთია, სადაც უკვე სამჯელ იყო.","გიორგიმ ორი წლის განმავლობაში ფული დააგროვა და ბოლოს ახალი მანქანა იყიდა. ახლა ის ყოველ შაბათ-კვირას მეგობრებთან ერთად მთაში დადის. მისი საყვარელი ადგილი სვანეთია, სადაც უკვე სამჯერ იყო."
correction-006,"მასწავლებელმა მოსწავლეებს საინტერესო ამბავი მოუჰყვა ძველი თბილისის შესახებ. ბავშვებმა ისე ყურადღებით უსმენდნენ, რომ ზარის დარეკვაც კი არ შეამჩნიეს. გაკვეთილის ბოლოს, ბევრმა მოსწავლემ, დამატებითი კითხვები დასვეს.","მასწავლებელი მოსწავლეებს საინტერესო ამბავს მოუყვა ძველი თბილისის შესახებ. ბავშვები ისე ყურადღებით უსმენდნენ, რომ ზარის დარეკვაც კი ვერ შეამჩნიეს. გაკვეთილის ბოლოს ბევრმა მოსწავლემ დამატებითი კითხვები დასვა."
correction-007,"ჩემ მეგობარს ძაღლი ჰყავს, რომელსაც ბოცო ჰქვია. ის ძალიან ერდგული და მხიარულია, თუმცა უცნობ ადამიანებზე ხშირად ყეფს. ყოველ საღამოს მეგობარი მას პარკში ასეირნებს.","ჩემს მეგობარს ძაღლი ჰყავს, რომელსაც ბოცო ჰქვია. ის ძალიან ერთგული და მხიარულია, თუმცა უცნობ ადამიანებს ხშირად უყეფს. ყოველ საღამოს მეგობარი მას პარკში ასეირნებს."
correction-008,"ქალაქის ცენტრში ახალი ბიბლიოთეკა გაიხსნა, რომლის აშენებასაც სამი წლები დასჭირდა. იქ ათასობით წიგნი, და თანამედროვე სამკითხველო დარბაზია. სტუდენტები ამბობენ, რომ, მეცადინეობისთვის უკეთეს ადგილას ვერ იპოვიან.","ქალაქის ცენტრში ახალი ბიბლიოთეკა გაიხსნა, რომლის აშენებასაც სამი წელი დასჭირდა. იქ ათასობით წიგნი და თანამედროვე სამკითხველო დარბაზია. სტუდენტები ამბობენ, რომ მეცადინეობისთვის უკეთეს ადგილს ვერ იპოვიან."
correction-009,"მამაჩემი ექიმია და ქალაქის საავანტყოფოში მუშაობს. ზოგჯერ, მას ღამითაც უწევს მორიგეობა, ამიტომ დილით დაღლილი ბრუნდება სახში. მიუხედავად ამისა, მან თავის პროფესიას არასოდეს უჩივის.","მამაჩემი ექიმია და ქალაქის საავადმყოფოში მუშაობს. ზოგჯერ მას ღამითაც უწევს მორიგეობა, ამიტომ დილით დაღლილი ბრუნდება სახლში. მიუხედავად ამისა, ის თავის პროფესიას არასოდეს უჩივის."
correction-010,"გასულ ზაფხულს მთელი ოჯახით ზღვაზე წავედით, ბავშვები მთელი დღე წყალში ცურავდნენ და ქვიშაზე სასახლეებს აშენებდნენ. საღამოობით - სანაპიროზე ვსეირნობდით და მაროჟნს ვსჭამდით.",გასულ ზაფხულს მთელი ოჯახით ზღვაზე წავედით. ბავშვები მთელი დღე წყალში ცურავდნენ და ქვიშაში სასახლეებს აშენებდნენ. საღამოობით სანაპიროზე ვსეირნობდით და ნაყინს ვჭამდით.
correction-011,"ლევანის ფეღბურთი ბავშვობიდან უყვარს. ის, ყოველ კვირას, მეგობრებთან ერთად სტადიონზე თამაშობს, ტელევიზორით კი ყველა მნიშვნელოვან მატჩს უთვალთვალებს. მისი ოცნებაა, ერთ დღეს მსოფლიო ჩემპიონატს სტადიონზე მოესწროს.","ლევანს ფეხბურთი ბავშვობიდან უყვარს. ის ყოველ კვირას მეგობრებთან ერთად სტადიონზე თამაშობს, ტელევიზორით კი ყველა მნიშვნელოვან მატჩს უყურებს. მისი ოცნებაა, ერთ დღეს მსოფლიო ჩემპიონატს სტადიონზე დაესწროს."
correction-012,"დედამ დილით ბაზარიდან ხილი და ბოსტნეული მოიტანა. საღამოთი მე, და ჩემმა დამ სალათი გავაკეთეთ, მამამ კი მწვადი შესწვა. ვახშამზე მეზობლებიც მევიდნენ და გვიანობამდე ვიჯექით.","დედამ დილით ბაზრიდან ხილი და ბოსტნეული მოიტანა. საღამოს მე და ჩემმა დამ სალათი გავაკეთეთ, მამამ კი მწვადი შეწვა. ვახშამზე მეზობლებიც მოვიდნენ და გვიანობამდე ვისხედით."
correction-013,"ჩვენს სოფელში ძველი ეკლესია დგას, რომელიც მეთუთხმეტე საუკუნეშია აშენებული. თავისი კედლები ლამაზი ფრესკებითაა მოხატული. ყველა წელს აქ უამრავი ტურისტი ჩამოდიან, რადგან ეს ძეგლი საკუთარი თვალით ნახონ.","ჩვენს სოფელში ძველი ეკლესია დგას, რომელიც მეთორმეტე საუკუნეშია აშენებული. მისი კედლები ლამაზი ფრესკებითაა მოხატული. ყოველ წელს აქ უამრავი ტურისტი ჩამოდის, რათა ეს ძეგლი საკუთარი თვალით ნახოს."
correction-014,"ანამ მთელი წელი ბეჯითად იმეცადინა და, მისაღები გამოცდები წარმატებით ჩააბარა. მშობლებმა მას საჩუქრად ახალი ლეპტოპი უყიდვეს. სექტემბრიდან ის, თბილისის სახელმწიფო უნივერსიტეტში, სწავლას დაიწყებს.",ანამ მთელი წელი ბეჯითად იმეცადინა და მისაღები გამოცდები წარმატებით ჩააბარა. მშობლებმა მას საჩუქრად ახალი ლეპტოპი უყიდეს. სექტემბრიდან ის თბილისის უნივერსიტეტში სწავლას დაიწყებს.
correction-015,"ზამთარში მთაში ბევრი თოვლები მოდიან და გზები ხშირად იკეტება. მიუხედავად ამის, ტურისტები გუდაურში სათხილამუროთ მაინც ჩადიან. წელს სეზონი, ჩვეულებრივზე ადრე გაიხსნა.","ზამთარში მთაში ბევრი თოვლი მოდის და გზები ხშირად იკეტება. მიუხედავად ამისა, ტურისტები გუდაურში სათხილამუროდ მაინც ჩადიან. წელს სეზონი ჩვეულებრივზე ადრე გაიხსნა."
correction-016,"დავითი ყოველ საღამოს ძილი წინ წიგნს ჰკითხულობს. ამჟამად ის ილია ჭავჭავაძის მოთხრობებს ჰკითხულობს, რომელიც სკოლაში ჯერ კიდევ არ წაუკითხია. მას განსაკუთრებით „კაცია-ადამიანი?!“ დაევასა.","დავითი ყოველ საღამოს ძილის წინ წიგნს კითხულობს. ამჟამად ის ილია ჭავჭავაძის მოთხრობებს კითხულობს, რომლებიც სკოლაში ჯერ კიდევ არ წაუკითხავს. მას განსაკუთრებით „კაცია-ადამიანი?!“ მოეწონა."
correction-017,"ჩემ დამ, რომელიც გერმანიაში ცხოვრობს, გრძელი წერილი გამომიგზავნა. მასში ის თავის ახალ სამსახურსა, და კოლეგებზე მიყვებოდა. წერილის ბოლოს მან დაწერა, რომ ზაფხულზე სახლში ამოსვლას აპირებს.","ჩემმა დამ, რომელიც გერმანიაში ცხოვრობს, გრძელი წერილი გამომიგზავნა. მასში ის თავის ახალ სამსახურსა და კოლეგებზე მიყვებოდა. წერილის ბოლოს მან დაწერა, რომ ზაფხულში სახლში ჩამოსვლას აპირებს."
correction-018,პირველი თოვლის მოსვლისთანავე ბავშვები ეზოში გაცვივდნენ. მათ თოვლის დიდი ბაბუა გააკეთეს და ცხვირის ნაცვლად სტაფილო გაუკეთეს. საღამომდე ისინი ერთმანეთს თოვლის გუნდებს სროულობდნენ.,პირველი თოვლის მოსვლისთანავე ბავშვები ეზოში გაცვივდნენ. მათ დიდი თოვლის ბაბუა გააკეთეს და ცხვირის ნაცვლად სტაფილო გაუკეთეს. საღამომდე ისინი ერთმანეთს თოვლის გუნდებს ესროდნენ.
correction-019,"თბილისში ბევრი ძველი უბანია, რომლებსაც საკუთარი ისტორია აქვს. ტურისტებს, განსაკუთრებით აბანოთუბანი მოწონთ, სადაც ცნობილი გოგირდის აბანოებია. ბევრი მათგანი, ამბობს, რომ აბანოზე ყოფნის შემდეგ თავს ბევრათ უკედ გრძნობს.","თბილისში ბევრი ძველი უბანია, რომლებსაც საკუთარი ისტორია აქვთ. ტურისტებს განსაკუთრებით აბანოთუბანი მოსწონთ, სადაც გოგირდის ცნობილი აბანოებია. ბევრი მათგანი ამბობს, რომ აბანოში ყოფნის შემდეგ თავს ბევრად უკეთ გრძნობს."
correction-020,"ნიკამ გუშინ ტელეფონი დაჰკარგა. მთელი დღე ეძებდა სახლშიც და სამსახურშიც, მაგრამ ვერსად იპოვა. საღამოს ტაქსის შოფერმა მის მეუღლეს დაურეკა და უთხრა რომ ტელეფონი მის მანქნაში დარჩა.","ნიკამ გუშინ ტელეფონი დაკარგა. მთელი დღე ეძებდა სახლშიც და სამსახურშიც, მაგრამ ვერსად იპოვა. საღამოს ტაქსის მძღოლმა მის მეუღლეს დაურეკა და უთხრა, რომ ტელეფონი მის მანქანაში დარჩა."
correction-021,"ჩვენ ხვალ დილით მატარებლით ბათუმში მივდივარდ. ბილეთები ერთი თვით ადრე ვიყიდედ, რათა ზაფხულში ადგილები სწრაფად იყიდება. ბათუმში ერთი კვირა დავრჩებით და ახლო მდებარე სოფლებსაც მოვინახულებთ.","ჩვენ ხვალ დილით მატარებლით ბათუმში მივდივართ. ბილეთები ერთი თვით ადრე ვიყიდეთ, რადგან ზაფხულში ადგილები სწრაფად იყიდება. ბათუმში ერთი კვირა დავრჩებით და ახლომდებარე სოფლებსაც მოვინახულებთ."
correction-022,"მეზობელი ბავშვები ყოველ დილით სკოლაში ერთად დადიან. გზაში, ისინი, ხმამაღლა ლაპარაკობენ და იცინიან. მათთვის, სახლიდან - სკოლამდე გზა, ძალიან სახალისო თავგადასავალია.",მეზობელი ბავშვები ყოველ დილით სკოლაში ერთად დადიან. გზაში ისინი ხმამაღლა ლაპარაკობენ და იცინიან. მათთვის სახლიდან სკოლამდე გზა ძალიან სახალისო თავგადასავალია.
correction-023,"ექიმმა პაციენტს ანტიბიოტიკი დაუნიშნა და ურჩია, რომ მეტი წყალი დაელია. პაციენტი ზუსტად ასრულებდა ექიმის რჩევებს. ერთი კვირის შემდეგ ის სრულიათ გამოჯანმრთელდა და სამსახურში დაბრუნდა.","ექიმმა პაციენტს ანტიბიოტიკი დაუნიშნა და ურჩია, რომ მეტი წყალი დაელია. პაციენტი ზუსტად ასრულებდა ექიმის რჩევებს. ერთი კვირის შემდეგ ის სრულიად გამოჯანმრთელდა და სამსახურში დაბრუნდა."
correction-024,"ჩემს ბიძას კახეთში დიდი ვენახი აქვს. შემოდგომაში მთელი ოჯახი რთველზე მიდის, რადგან ბიძა მარტო ვერ ასწრებს ყურძენის დაკრეფას. ღვინოს ის ქვევრში აყენებს, ისევე როგორც მისი წინაბრები.","ჩემს ბიძას კახეთში დიდი ვენახი აქვს. შემოდგომაზე მთელი ოჯახი რთველზე მიდის, რადგან ბიძა მარტო ვერ ასწრებს ყურძნის დაკრეფას. ღვინოს ის ქვევრში აყენებს, ისევე როგორც მისი წინაპრები."
correction-025,"გუშინ მეგობრებთან ერთად კინოში ახალი ფილმი ვნახედ. ფილმი ძაან საინტერესო და ღადაობა იყო, თუმცა ბოლო ნაწილი ცოტა სევდიანი აღმოჩნდა. ჩვენ გადავწყვიტეთ, რომ რეჟისორის სხვა ფილმებსაც ვნახავდ.","გუშინ მეგობრებთან ერთად კინოში ახალი ფილმი ვნახეთ. ფილმი ძალიან საინტერესო და სასაცილო იყო, თუმცა ბოლო ნაწილი ცოტა სევდიანი აღმოჩნდა. ჩვენ გადავწყვიტეთ, რომ რეჟისორის სხვა ფილმებსაც ვნახავთ."
correction-026,"მარიამი ექვსი წლიდან პიანინოზე უკრავს. ბავშვობაში ის ყოველ დღე სამ საათს ვარჯიშობდა, ახლა კი კონსერვატორიაში სწავლობს. გასულ თვეს მას პირველი სოლო კონცერტი გამართა.","მარიამი ექვსი წლიდან პიანინოზე უკრავს. ბავშვობაში ის ყოველდღე სამ საათს ვარჯიშობდა, ახლა კი კონსერვატორიაში სწავლობს. გასულ თვეს მან პირველი სოლო კონცერტი გამართა."
correction-027,"ძლიერმა ქარმა, ღამით ქალაქში ბევრი ხეები წააქციეს. რამოდენიმე ქუჩები დილამდე ჩაკეტილი იყო, რადგან ხეები გზას ეღობებოდნენ. დილით მუშებმა ქუჩები გაწმინდეს და მოძრაობა ადგა.","ძლიერმა ქარმა ღამით ქალაქში ბევრი ხე წააქცია. რამდენიმე ქუჩა დილამდე ჩაკეტილი იყო, რადგან ხეები გზას ეღობებოდა. დილით მუშებმა ქუჩები გაწმინდეს და მოძრაობა აღდგა."
correction-028,ჩვენმა გუნდმა ფინალში ძლიერ მეტოქეს ორი ერთით მოუგო. გულშემატკივრები ქუჩებზე გამოვიდნენ და დილამდეს იზეიმეს. მეორე დღეს მოთამაშეებს აერო პორტში ათასებით ადამიანი დახვდნენ.,ჩვენმა გუნდმა ფინალში ძლიერ მეტოქეს ორით ერთი მოუგო. გულშემატკივრები ქუჩებში გამოვიდნენ და დილამდე იზეიმეს. მეორე დღეს მოთამაშეებს აეროპორტში ათასობით ადამიანი დახვდა.
correction-029,სანდრომ თავისი ძველი კომპიუტერი თვითონ შეაკეთა. მან ინტერნეტში ინსტრუქციები მოძებნა და ახალი დეტალები შეუკვეთა. ახლა კომპიუტერი ისევ კარგად მუშაობს და სანდრო ძალიან ამაყობს.,სანდრომ თავისი ძველი კომპიუტერი თვითონ შეაკეთა. მან ინტერნეტში ინსტრუქციები მოძებნა და ახალი დეტალები შეუკვეთა. ახლა კომპიუტერი ისევ კარგად მუშაობს და სანდრო ძალიან ამაყობს.
correction-030,"დედაჩემი ყოველ დილით ერთცალ ფინჯან ყავას ლევს. ჩაის ის მხოლოდ საღამოს ლევს, ხოლო ტკბილეულს თითქმის არასოდეს სჭამს. ექიმი ამბობს, რომ სწორედ ამიზა არის ის ასეთი ჯანმრთელი.","დედაჩემი ყოველ დილით ერთ ფინჯან ყავას სვამს. ჩაის ის მხოლოდ საღამოს სვამს, ხოლო ტკბილეულს თითქმის არასოდეს ჭამს. ექიმი ამბობს, რომ სწორედ ამიტომ არის ის ასეთი ჯანმრთელი."
correction-031,"ეზოში თამაშისას ბავშვმა ბურთით მეზობელის ფანჯარა გატეხა. მამამ ის მკაცრად გაკიცხა და მეზობელთან ბოდიშის მოსახდელათ წაიყვანა. მეზობელმა ბავშვს აპატია, მამამ კი ახალი მინა იყიდა.","ეზოში თამაშისას ბავშვმა ბურთით მეზობლის ფანჯარა გატეხა. მამამ ის მკაცრად გაკიცხა და მეზობელთან ბოდიშის მოსახდელად წაიყვანა. მეზობელმა ბავშვს აპატია, მამამ კი ახალი მინა იყიდა."
correction-032,"სტუდენტებმა სიძველეეთა მუზეუმი მოინახულეს. გიდმა მათ ძველი ხელ-ნაწერები და ოქროს სამკაულები აჩვენა. ექსკურსიის შემდეგ სტუდენტებმა მუზეუმის შესახებ, ესე უნდა დაწერონ.",სტუდენტებმა სიძველეთა მუზეუმი მოინახულეს. გიდმა მათ ძველი ხელნაწერები და ოქროს სამკაულები აჩვენა. ექსკურსიის შემდეგ სტუდენტებმა მუზეუმის შესახებ ესე უნდა დაწერონ.
correction-033,"ჩვენს ქალაქში ყოველ შემოდგომაზე ღვინოს ფესტივალი იმართება. მასზე მთელი ქვეყნისგან ჩამოდიან მეღვინეები, და სტუმრები. წელს ფესტივალზე რეკორდული რაოდენობის ხალხები დაესწრო.",ჩვენს ქალაქში ყოველ შემოდგომაზე ღვინის ფესტივალი იმართება. მასზე მთელი ქვეყნიდან ჩამოდიან მეღვინეები და სტუმრები. წელს ფესტივალს რეკორდული რაოდენობის ხალხი დაესწრო.
correction-034,"ირაკლი პროგრამისტია და უკვე 5-ე წელია, სახლიდან მუშაობს. ამის წყალობითა ის ხშირად მოგზაურობს და სხვადასხვა ქალაქიდან მუშაობს. მისი თქმით, ასეთი ცხოვრება ოფისში მუშაობას ბევრათ ჯობს.","ირაკლი პროგრამისტია და უკვე მე-5 წელია, სახლიდან მუშაობს. ამის წყალობით ის ხშირად მოგზაურობს და სხვადასხვა ქალაქიდან მუშაობს. მისი თქმით, ასეთი ცხოვრება ოფისში მუშაობას ბევრად სჯობს."
correction-035,"ბებია ყოველ გაზაფხულზე ბაღში პომიდორს, კიტრს, და მწვანილს რგავს. ზაფხულში ჩვენ მთელი ოჯახი მის ბოსტნეულებს ვსჭამთ. დარჩენილ მოსავალს ის ზამთრისთვის ამწნილებს.","ბებია ყოველ გაზაფხულზე ბაღში პომიდორს, კიტრსა და მწვანილს რგავს. ზაფხულში ჩვენ მთელი ოჯახი მის ბოსტნეულს ვჭამთ. დარჩენილ მოსავალს ის ზამთრისთვის ამწნილებს."
correction-036,"ნინომ დაბადების დღეზე ყველა მეგობრები დაჰპატიჟა. მათ საჩუქრად წიგნები და ყვავილები მიუტანეს. საღამო ისე მხიარულად ჩაიარა, რომ სტუმრები შუა ღამემდე არ წავიდნენ.","ნინომ დაბადების დღეზე ყველა მეგობარი დაპატიჟა. მათ საჩუქრად წიგნები და ყვავილები მიუტანეს. საღამომ ისე მხიარულად ჩაიარა, რომ სტუმრები შუაღამემდე არ წავიდნენ."
correction-037,"მატარებელი ნახევარსაათით დაგვიანდა, რადგან გზაზე ტეხნიკური პრობლემა მდებარეობდა. მგზავრები სადგურზე ცივ ამინდში ელოდნენ. ბოლოს რკინისგზის კომპანიამ ბოდიში მოიხადა და მგზავრებს ბილეთის ფულის ნაწილი დაუბრუნა.","მატარებელი ნახევარი საათით დაგვიანდა, რადგან გზაზე ტექნიკური პრობლემა იყო. მგზავრები სადგურზე ცივ ამინდში ელოდნენ. ბოლოს რკინიგზის კომპანიამ ბოდიში მოიხადა და მგზავრებს ბილეთის ფულის ნაწილი დაუბრუნა."
correction-038,"ჩვენს კლასში ოცდა-ხუთი მოსწავლეა. ყველაზე კარგად მათემათიკაში საბა სწავლობს, რომელმაც წელს რეპუბლიკური ოლიმპიადაც მოიგო. მასწავლებლები ფიქრობენ, რომ მას დიდი მომავალი აქვს.","ჩვენს კლასში ოცდახუთი მოსწავლეა. ყველაზე კარგად მათემატიკას საბა სწავლობს, რომელმაც წელს რესპუბლიკური ოლიმპიადაც მოიგო. მასწავლებლები ფიქრობენ, რომ მას დიდი მომავალი აქვს."
correction-039,"გუშინ საღამოს მთელ უბანში ელექტრო ენერგია გაითიშა. ჩვენ სანთლები ავანთეთ და მთელი საღამო მათ შუქზე ვიჯექით. ბავშვებს ეს თავგადასავალი, ძალიან მოეწონათ.",გუშინ საღამოს მთელ უბანში ელექტროენერგია გაითიშა. ჩვენ სანთლები ავანთეთ და მთელი საღამო მათ შუქზე ვისხედით. ბავშვებს ეს თავგადასავალი ძალიან მოეწონათ.
correction-040,"ჩემმა მეგობარმა ესპანური ენა ორ წელიწადში ისწავლა. ახლა ის მადრიდში ცხოვრობს და ტურისტულ კომპანიაში მუშაობს, ის ამბობს რომ ესპანეთი უკვე მე-2 სამშობლოდ მიაჩნია.","ჩემმა მეგობარმა ესპანური ენა ორ წელიწადში ისწავლა. ახლა ის მადრიდში ცხოვრობს და ტურისტულ კომპანიაში მუშაობს. ის ამბობს, რომ ესპანეთი უკვე მე-2 სამშობლოდ მიაჩნია."
correction-041,მზე ჩავიდა და ცაზე პირველი ვარსკვლავები გამოჩნდნენ. ბავშვები დიდხანს უყურებდნენ ცას და თანა ვარსკვლავედებს ეძებდნენ. ბაბუამ მათ დიდი დათვი აჩვენა და მისი ლეგენდა მოუყვა.,მზე ჩავიდა და ცაზე პირველი ვარსკვლავები გამოჩნდა. ბავშვები დიდხანს უყურებდნენ ცას და თანავარსკვლავედებს ეძებდნენ. ბაბუამ მათ დიდი დათვი აჩვენა და მისი ლეგენდა მოუყვა.
correction-042,"მამამ შვილს ველოსიპედის ტარება გასულ ზაფხულს ასწავლა. პირველ დღეს ბავშვმა რამდენჯერმე წაიქცა და მუხლები გადაიტყავა. ერთი კვირის შემდეგ კი, ის უკვე თავისუფლათ დადიოდა ველოსიპედით.",მამამ შვილს ველოსიპედის ტარება გასულ ზაფხულს ასწავლა. პირველ დღეს ბავშვი რამდენჯერმე წაიქცა და მუხლები გადაიტყავა. ერთი კვირის შემდეგ კი ის უკვე თავისუფლად დადიოდა ველოსიპედით.
correction-043,"ახალ სავაჭრო ცენტრში დიდი ფასდაკლებაა. ხალხი დილიდან რიგზე დგას, რადგან სასურველი ნივთები იაფად იყიდონ. ზოგიერთი მყიდველი ღამითაც კი მოვიდა.","ახალ სავაჭრო ცენტრში დიდი ფასდაკლებაა. ხალხი დილიდან რიგში დგას, რათა სასურველი ნივთები იაფად იყიდოს. ზოგიერთი მყიდველი ღამითაც კი მოვიდა."
correction-044,"ჩვენ ამ საღამოს თეატრში მივდივართ. სპექტაკლი შვიდ საათზე იწყება, ამიტომ ექვს საათზე უნდა გავიდეთ სახლიდან. ბილეთები ჩემმა ძმამ გვაჩუქა დაბადების დღეზე.","ჩვენ ამ საღამოს თეატრში მივდივართ. სპექტაკლი შვიდ საათზე იწყება, ამიტომ ექვს საათზე უნდა გავიდეთ სახლიდან. ბილეთები ჩემმა ძმამ გვაჩუქა დაბადების დღეზე."
correction-045,"ბავშვები ბებიასთან ერთად ტყეში სოკოს აგროვებდნენ. ბებიამ, მათ ყურადღებით აუხსნა, რომელი სოკოა საჭმელათ ვარგისი და რომელი შხამიანი. სახლში დაბრუნებულებმა სოკო შესწვეს და ვახშმათ მიირთვეს.","ბავშვები ბებიასთან ერთად ტყეში სოკოს აგროვებდნენ. ბებიამ მათ გულდასმით აუხსნა, რომელი სოკოა საჭმელად ვარგისი და რომელი შხამიანი. სახლში დაბრუნებულებმა სოკო შეწვეს და ვახშმად მიირთვეს."
correction-046,ანა ყოველ დილით შვიდ საათზე დგება და ნახევარი საათი ვარჯიშობს. ამის შემდეგ ის თავს მთელი დღე ბევრად ენერგულად გრძნობს. მან იგი ჩვევა ორი წლების წინ გამოიმუშავა.,ანა ყოველ დილით შვიდ საათზე დგება და ნახევარი საათი ვარჯიშობს. ამის შემდეგ ის თავს მთელი დღე ბევრად ენერგიულად გრძნობს. მან ეს ჩვევა ორი წლის წინ გამოიმუშავა.
correction-047,"მეცნიერებმა ახალი ვაქცინა შეჰქმნეს, რომელიც გრიპისგან დაცვას უფრო ეფექტიანს გახდის. კლინიკური კვლევები, მომავალ წელს დაიწყება. თუ ყველაფერი წარმატება დასრულდება, ვაქცინა სამ წელიწადში გამოჩნდება აფთიაქებში.","მეცნიერებმა ახალი ვაქცინა შექმნეს, რომელიც გრიპისგან დაცვას უფრო ეფექტიანს გახდის. კლინიკური კვლევები მომავალ წელს დაიწყება. თუ ყველაფერი წარმატებით დასრულდება, ვაქცინა სამ წელიწადში გამოჩნდება აფთიაქებში."
correction-048,"ჩემი უმცროსი ძმა ჯარში მსახურობს. ის სახში მხოლოდ შვებულების დროს ჩამოდის, ამიტომ დედა ყოველთვის დიდ სუფრას შლის. ბოლოს ის საახალწლოდ იყო ჩვენთან.","ჩემი უმცროსი ძმა ჯარში მსახურობს. ის სახლში მხოლოდ შვებულების დროს ჩამოდის, ამიტომ დედა ყოველთვის დიდ სუფრას შლის. ბოლოს ის საახალწლოდ იყო ჩვენთან."
correction-049,"ზღვაზე ძლიერი ქარიშხალი იყო. მეთევზეებმა გადაწყვიტენ, რომ იმ დღეს ზღვაში არ ასულიყვნენ. მეორე დილით ამინდი დაწყნარდა, და მათ ბევრი თევზები დაიჭირეს.","ზღვაზე ძლიერი ქარიშხალი იყო. მეთევზეებმა გადაწყვიტეს, რომ იმ დღეს ზღვაში არ გასულიყვნენ. მეორე დილით ამინდი დაწყნარდა და მათ ბევრი თევზი დაიჭირეს."
correction-050,"თამარიმ დასთვის საქორწილო კაბა თავად შეკერა. მას ამაზე თითქმის ორი თვე დაჭირდა. ქორწილზე ყველა სტუმარმა აღნიშნა, რომ კაბა ძალიან ლამაზი გამოვიდა.","თამარმა დისთვის საქორწილო კაბა თავად შეკერა. მას ამაზე თითქმის ორი თვე დასჭირდა. ქორწილზე ყველა სტუმარმა აღნიშნა, რომ კაბა ძალიან ლამაზი გამოვიდა."
