id,kind,input,expected_cardinal,expected_ordinal
numbers-000,to_words,0,ნული,
numbers-001,to_words,1,ერთი,პირველი
numbers-002,to_words,2,ორი,მეორე
numbers-003,to_words,3,სამი,მესამე
numbers-004,to_words,4,ოთხი,მეოთხე
numbers-005,to_words,5,ხუთი,მეხუთე
numbers-006,to_words,6,ექვსი,მეექვსე
numbers-007,to_words,7,შვიდი,მეშვიდე
numbers-008,to_words,8,რვა,მერვე
numbers-009,to_words,9,ცხრა,მეცხრე
numbers-010,to_words,10,ათი,მეათე
numbers-011,to_words,11,თერთმეტი,მეთერთმეტე
numbers-012,to_words,12,თორმეტი,მეთორმეტე
numbers-013,to_words,13,ცამეტი,მეცამეტე
numbers-014,to_words,14,თოთხმეტი,მეთოთხმეტე
numbers-015,to_words,15,თხუთმეტი,მეთხუთმეტე
numbers-016,to_words,16,თექვსმეტი,მეთექვსმეტე
numbers-017,to_words,17,ჩვიდმეტი,მეჩვიდმეტე
numbers-018,to_words,18,თვრამეტი,მეთვრამეტე
numbers-019,to_words,19,ცხრამეტი,მეცხრამეტე
numbers-020,to_words,20,ოცი,მეოცე
numbers-021,to_words,21,ოცდაერთი,ოცდამეერთე
numbers-022,to_words,23,ოცდასამი,ოცდამესამე
numbers-023,to_words,30,ოცდაათი,ოცდამეათე
numbers-024,to_words,36,ოცდათექვსმეტი,ოცდამეთექვსმეტე
numbers-025,to_words,40,ორმოცი,მეორმოცე
numbers-026,to_words,44,ორმოცდაოთხი,ორმოცდამეოთხე
numbers-027,to_words,50,ორმოცდაათი,ორმოცდამეათე
numbers-028,to_words,59,ორმოცდაცხრამეტი,ორმოცდამეცხრამეტე
numbers-029,to_words,60,სამოცი,მესამოცე
numbers-030,to_words,65,სამოცდახუთი,სამოცდამეხუთე
numbers-031,to_words,70,სამოცდაათი,სამოცდამეათე
numbers-032,to_words,71,სამოცდათერთმეტი,სამოცდამეთერთმეტე
numbers-033,to_words,80,ოთხმოცი,მეოთხმოცე
numbers-034,to_words,81,ოთხმოცდაერთი,ოთხმოცდამეერთე
numbers-035,to_words,90,ოთხმოცდაათი,ოთხმოცდამეათე
numbers-036,to_words,99,ოთხმოცდაცხრამეტი,ოთხმოცდამეცხრამეტე
numbers-037,to_words,100,ასი,მეასე
numbers-038,to_words,101,ას ერთი,ას მეერთე
numbers-040,to_words,188,ას ოთხმოცდარვა,ას ოთხმოცდამერვე
numbers-041,to_words,200,ორასი,მეორასე
numbers-042,to_words,220,ორას ოცი,ორას მეოცე
numbers-043,to_words,221,ორას ოცდაერთი,ორას ოცდამეერთე
numbers-044,to_words,507,ხუთას შვიდი,ხუთას მეშვიდე
numbers-045,to_words,999,ცხრაას ოთხმოცდაცხრამეტი,ცხრაას ოთხმოცდამეცხრამეტე
numbers-046,to_words,1000,ათასი,მეათასე
numbers-047,to_words,1001,ათას ერთი,ათას მეერთე
numbers-048,to_words,1721,ათას შვიდას ოცდაერთი,ათას შვიდას ოცდამეერთე
numbers-049,to_words,5904,ხუთი ათას ცხრაას ოთხი,ხუთი ათას ცხრაას მეოთხე
numbers-050,to_words,8277,რვა ათას ორას სამოცდაჩვიდმეტი,რვა ათას ორას სამოცდამეჩვიდმეტე
numbers-051,to_words,10000,ათი ათასი,მეათიათასე
numbers-052,to_words,10201,ათი ათას ორას ერთი,ათი ათას ორას მეერთე
numbers-053,to_words,12000,თორმეტი ათასი,მეთორმეტიათასე
numbers-054,to_words,12567,თორმეტი ათას ხუთას სამოცდაშვიდი,თორმეტი ათას ხუთას სამოცდამეშვიდე
numbers-055,to_words,13000,ცამეტი ათასი,მეცამეტიათასე
numbers-056,to_words,13050,ცამეტი ათას ორმოცდაათი,ცამეტი ათას ორმოცდამეათე
numbers-057,to_words,20000,ოცი ათასი,მეოციათასე
numbers-058,to_words,20101,ოცი ათას ას ერთი,ოცი ათას ას მეერთე
numbers-059,to_words,30000,ოცდაათი ათასი,მეოცდაათიათასე
numbers-060,to_words,30003,ოცდაათი ათას სამი,ოცდაათი ათას მესამე
numbers-061,to_words,40000,ორმოცი ათასი,მეორმოციათასე
numbers-062,to_words,50000,ორმოცდაათი ათასი,მეორმოცდაათიათასე
numbers-063,to_words,77000,სამოცდაჩვიდმეტი ათასი,მესამოცდაჩვიდმეტიათასე
numbers-064,to_words,99000,ოთხმოცდაცხრამეტი ათასი,მეოთხმოცდაცხრამეტიათასე
numbers-065,to_words,100000,ასი ათასი,მეასიათასე
numbers-066,to_words,179000,ას სამოცდაცხრამეტი ათასი,მეასსამოცდაცხრამეტიათასე
numbers-067,to_words,672867,ექვსას სამოცდათორმეტი ათას რვაას სამოცდაშვიდი,ექვსას სამოცდათორმეტი ათას რვაას სამოცდამეშვიდე
numbers-068,to_words,1000000,მილიონი,მემილიონე
numbers-069,to_words,1458724,მილიონ ოთხას ორმოცდათვრამეტი ათას შვიდას ოცდაოთხი,მილიონ ოთხას ორმოცდათვრამეტი ათას შვიდას ოცდამეოთხე
numbers-070,to_words,15000000,თხუთმეტი მილიონი,მეთხუთმეტიმილიონე
numbers-071,to_words,15000015,თხუთმეტი მილიონ თხუთმეტი,თხუთმეტი მილიონ მეთხუთმეტე
numbers-072,to_words,1000000000,მილიარდი,მემილიარდე
numbers-073,to_words,976000000000,ცხრაას სამოცდათექვსმეტი მილიარდი,მეცხრაასსამოცდათექვსმეტიმილიარდე
numbers-074,to_words,671000000124,ექვსას სამოცდათერთმეტი მილიარდ ას ოცდაოთხი,ექვსას სამოცდათერთმეტი მილიარდ ას ოცდამეოთხე
numbers-075,to_words,1000000000000,ტრილიონი,მეტრილიონე
numbers-076,to_words,1000000000000000,კვადრილიონი,მეკვადრილიონე
numbers-077,to_words,1000000000000000000,კვინტილიონი,მეკვინტილიონე
numbers-078,to_words,1000000000000000000000,სექსტილიონი,მესექსტილიონე
numbers-079,to_words,1000000000000000000000000,სეპტილიონი,მესეპტილიონე
numbers-080,to_words,1000000000000000000000000000,ოკტალიონი,მეოკტალიონე
numbers-081,to_words,1000000000000000000000000000000,ნონალიონი,მენონალიონე
numbers-082,to_words,1000000000000000000000000000000000,დეკალონი,მედეკალონე
numbers-083,to_words,1000000000000000000000000000000000000,ენდეკალონი,მეენდეკალონე
numbers-084,to_words,1000000000000000000000000000000000000000,დოდეკალონი,მედოდეკალონე
numbers-085,to_words,1/2,ერთი მეორედი,
numbers-086,to_words,123/788,ას ოცდასამი შვიდას ოთხმოცდამერვედი,
numbers-087,to_words,-12289/5663,მინუს თორმეტი ათას ორას ოთხმოცდაცხრა ხუთი ათას ექვსას სამოცდამესამედი,
numbers-088,to_words,32 76/137,ოცდათორმეტი მთელი სამოცდათექვსმეტი ას ოცდამეჩვიდმეტედი,
numbers-089,to_words,-3 1/1299,მინუს სამი მთელი ერთი ათას ორას ოთხმოცდამეცხრამეტედი,
numbers-090,to_words,0.2,ნული მთელი ორი მეათედი,
numbers-091,to_words,5.099,ხუთი მთელი ოთხმოცდაცხრამეტი მეათასედი,
numbers-092,to_words,-129056.009801,მინუს ას ოცდაცხრა ათას ორმოცდათექვსმეტი მთელი ცხრა ათას რვაას ერთი მემილიონედი,
numbers-093,to_words,0.10199,ნული მთელი ათი ათას ას ოთხმოცდაცხრამეტი მეასიათასედი,
numbers-094,to_digits,ნული,0,
numbers-095,to_digits,ერთი,1,1-ელი
numbers-096,to_digits,ორი,2,მე-2
numbers-097,to_digits,სამი,3,მე-3
numbers-098,to_digits,ოთხი,4,მე-4
numbers-099,to_digits,ხუთი,5,მე-5
numbers-100,to_digits,ექვსი,6,მე-6
numbers-101,to_digits,შვიდი,7,მე-7
numbers-102,to_digits,რვა,8,მე-8
numbers-103,to_digits,ცხრა,9,მე-9
numbers-104,to_digits,ათი,10,მე-10
numbers-105,to_digits,თერთმეტი,11,მე-11
numbers-106,to_digits,თორმეტი,12,მე-12
numbers-107,to_digits,ცამეტი,13,მე-13
numbers-108,to_digits,თოთხმეტი,14,მე-14
numbers-109,to_digits,თხუთმეტი,15,მე-15
numbers-110,to_digits,თექვსმეტი,16,მე-16
numbers-111,to_digits,ჩვიდმეტი,17,მე-17
numbers-112,to_digits,თვრამეტი,18,მე-18
numbers-113,to_digits,ცხრამეტი,19,მე-19
numbers-114,to_digits,ოცი,20,მე-20
numbers-115,to_digits,ოცდაერთი,21,21-ე
numbers-116,to_digits,ოცდასამი,23,23-ე
numbers-117,to_digits,ოცდაათი,30,30-ე
numbers-118,to_digits,ოცდათექვსმეტი,36,36-ე
numbers-119,to_digits,ორმოცი,40,მე-40
numbers-120,to_digits,ორმოცდაოთხი,44,44-ე
numbers-121,to_digits,ორმოცდაათი,50,50-ე
numbers-122,to_digits,ორმოცდაცხრამეტი,59,59-ე
numbers-123,to_digits,სამოცი,60,მე-60
numbers-124,to_digits,სამოცდახუთი,65,65-ე
numbers-125,to_digits,სამოცდაათი,70,70-ე
numbers-126,to_digits,სამოცდათერთმეტი,71,71-ე
numbers-127,to_digits,ოთხმოცი,80,მე-80
numbers-128,to_digits,ოთხმოცდაერთი,81,81-ე
numbers-129,to_digits,ოთხმოცდაათი,90,90-ე
numbers-130,to_digits,ოთხმოცდაცხრამეტი,99,99-ე
numbers-131,to_digits,ასი,100,მე-100
numbers-132,to_digits,ას ერთი,101,101-ე
numbers-133,to_digits,ას ოთხმოცდარვა,188,188-ე
numbers-134,to_digits,ორასი,200,მე-200
numbers-135,to_digits,ორას ოცი,220,220-ე
numbers-136,to_digits,ორას ოცდაერთი,221,221-ე
numbers-137,to_digits,ხუთას შვიდი,507,507-ე
numbers-138,to_digits,ცხრაას ოთხმოცდაცხრამეტი,999,999-ე
numbers-139,to_digits,ათასი,1000,მე-1000
numbers-140,to_digits,ათას ერთი,1001,1001-ე
numbers-141,to_digits,ათას შვიდას ოცდაერთი,1721,1721-ე
numbers-142,to_digits,ხუთი ათას ცხრაას ოთხი,5904,5904-ე
numbers-143,to_digits,რვა ათას ორას სამოცდაჩვიდმეტი,8277,8277-ე
numbers-144,to_digits,ათი ათასი,10000,მე-10000
numbers-145,to_digits,ათი ათას ორას ერთი,10201,10201-ე
numbers-146,to_digits,თორმეტი ათასი,12000,მე-12000
numbers-147,to_digits,თორმეტი ათას ხუთას სამოცდაშვიდი,12567,12567-ე
numbers-148,to_digits,ცამეტი ათასი,13000,მე-13000
numbers-149,to_digits,ცამეტი ათას ორმოცდაათი,13050,13050-ე
numbers-150,to_digits,ოცი ათასი,20000,მე-20000
numbers-151,to_digits,ოცი ათას ას ერთი,20101,20101-ე
numbers-152,to_digits,ოცდაათი ათასი,30000,მე-30000
numbers-153,to_digits,ოცდაათი ათას სამი,30003,30003-ე
numbers-154,to_digits,ორმოცი ათასი,40000,მე-40000
numbers-155,to_digits,ორმოცდაათი ათასი,50000,მე-50000
numbers-156,to_digits,სამოცდაჩვიდმეტი ათასი,77000,მე-77000
numbers-157,to_digits,ოთხმოცდაცხრამეტი ათასი,99000,მე-99000
numbers-158,to_digits,ასი ათასი,100000,მე-100000
numbers-159,to_digits,ას სამოცდაცხრამეტი ათასი,179000,მე-179000
numbers-160,to_digits,ექვსას სამოცდათორმეტი ათას რვაას სამოცდაშვიდი,672867,672867-ე
numbers-161,to_digits,მილიონი,1000000,მე-1000000
numbers-162,to_digits,მილიონ ოთხას ორმოცდათვრამეტი ათას შვიდას ოცდაოთხი,1458724,1458724-ე
numbers-163,to_digits,თხუთმეტი მილიონი,15000000,მე-15000000
numbers-164,to_digits,თხუთმეტი მილიონ თხუთმეტი,15000015,15000015-ე
numbers-165,to_digits,მილიარდი,1000000000,მე-1000000000
numbers-166,to_digits,ცხრაას სამოცდათექვსმეტი მილიარდი,976000000000,მე-976000000000
numbers-167,to_digits,ექვსას სამოცდათერთმეტი მილიარდ ას ოცდაოთხი,671000000124,671000000124-ე
numbers-168,to_digits,ტრილიონი,1000000000000,მე-1000000000000
numbers-169,to_digits,კვადრილიონი,1000000000000000,მე-1000000000000000
numbers-170,to_digits,კვინტილიონი,1000000000000000000,მე-1000000000000000000
numbers-171,to_digits,სექსტილიონი,1000000000000000000000,მე-1000000000000000000000
numbers-172,to_digits,სეპტილიონი,1000000000000000000000000,მე-1000000000000000000000000
numbers-173,to_digits,ოკტალიონი,1000000000000000000000000000,მე-1000000000000000000000000000
numbers-174,to_digits,ნონალიონი,1000000000000000000000000000000,მე-1000000000000000000000000000000
numbers-175,to_digits,დეკალონი,1000000000000000000000000000000000,მე-1000000000000000000000000000000000
numbers-176,to_digits,ენდეკალონი,1000000000000000000000000000000000000,მე-1000000000000000000000000000000000000
numbers-177,to_digits,დოდეკალონი,1000000000000000000000000000000000000000,მე-1000000000000000000000000000000000000000
numbers-178,to_digits,ერთი მეორედი,1/2,
numbers-179,to_digits,ას ოცდასამი შვიდას ოთხმოცდამერვედი,123/788,
numbers-180,to_digits,მინუს თორმეტი ათას ორას ოთხმოცდაცხრა ხუთი ათას ექვსას სამოცდამესამედი,-12289/5663,
numbers-181,to_digits,ოცდათორმეტი მთელი სამოცდათექვსმეტი ას ოცდამეჩვიდმეტედი,32 76/137,
numbers-182,to_digits,მინუს სამი მთელი ერთი ათას ორას ოთხმოცდამეცხრამეტედი,-3 1/1299,
numbers-183,to_digits,ნული მთელი ორი მეათედი,0.2,
numbers-184,to_digits,ხუთი მთელი ოთხმოცდაცხრამეტი მეათასედი,5.099,
numbers-185,to_digits,მინუს ას ოცდაცხრა ათას ორმოცდათექვსმეტი მთელი ცხრა ათას რვაას ერთი მემილიონედი,-129056.009801,
numbers-186,to_digits,ნული მთელი ათი ათას ას ოთხმოცდაცხრამეტი მეასიათასედი,0.10199,
