id,kind,input,choices,expected
verbs-000,who_to_whom,მიყვარხარ,A) ის → შენ|B) მე → ის|C) შენ → მე|D) მე → შენ,D
verbs-001,who_to_whom,გიყვარვარ,A) შენ → მე|B) შენ → ის|C) ის → მე|D) მე → შენ,A
verbs-002,who_to_whom,გვიყვარხართ,A) ჩვენ → თქვენ|B) თქვენ → ჩვენ|C) ჩვენ → შენ|D) მე → თქვენ,A
verbs-003,who_to_whom,მომცა,A) მათ → მე → ის|B) მე → მას → ის|C) მან → მე → ის|D) შენ → მე → ის,C
verbs-004,who_to_whom,მოგცა,A) შენ → მას → ის|B) მე → შენ → ის|C) მათ → შენ → ის|D) მან → შენ → ის,D
verbs-005,who_to_whom,მოგვცეს,A) ჩვენ → მათ → ის|B) მათ → ჩვენ → ის|C) მათ → თქვენ → ის|D) მან → ჩვენ → ის,B
verbs-006,who_to_whom,მოგეცი,A) მე → მას → ის|B) მან → შენ → ის|C) მე → შენ → ის|D) შენ → მე → ის,C
verbs-007,who_to_whom,მომეცი,A) მან → მე → ის|B) შენ → მე → ის|C) მე → შენ → ის|D) შენ → მას → ის,B
verbs-008,who_to_whom,დაგინახე,A) შენ → მე|B) მე → შენ|C) ის → შენ|D) მე → ის,B
verbs-009,who_to_whom,დამინახე,A) თქვენ → მე|B) მე → შენ|C) შენ → მე|D) ის → მე,C
verbs-010,who_to_whom,დაგვინახა,A) მათ → ჩვენ|B) მან → თქვენ|C) მან → ჩვენ|D) ჩვენ → ის,C
verbs-011,who_to_whom,მენატრები,A) მე → ის|B) შენ → მე|C) მე → შენ|D) ის → შენ,C
verbs-012,who_to_whom,გენატრები,A) შენ → მე|B) ის → მე|C) მე → შენ|D) შენ → ის,A
verbs-013,who_to_whom,ვენატრები,A) მე → ის|B) მას → ჩვენ|C) შენ → მე|D) მას → მე,D
verbs-014,who_to_whom,მაქვს,A) ჩვენ → ის|B) შენ → ის|C) ის → მე|D) მე → ის,D
verbs-015,who_to_whom,ჰყავხარ,A) მას → მე|B) მას → შენ|C) მე → შენ|D) შენ → ის,B
verbs-016,who_to_whom,გყავვარ,A) შენ → მე|B) მე → შენ|C) ის → მე|D) შენ → ის,A
verbs-017,who_to_whom,მძულხარ,A) შენ → მე|B) მე → ის|C) ის → შენ|D) მე → შენ,D
verbs-018,who_to_whom,გძულვარ,A) შენ → ის|B) ის → მე|C) შენ → მე|D) მე → შენ,C
verbs-019,who_to_whom,მიცნობ,A) ის → მე|B) შენ → მე|C) მე → შენ|D) შენ → ის,B
verbs-020,who_to_whom,გიცნობ,A) შენ → მე|B) ის → შენ|C) მე → შენ|D) შენ → ის,C
verbs-021,who_to_whom,გხედავ,A) მე → შენ|B) შენ → მე|C) ის → შენ|D) მე → ის,A
verbs-022,who_to_whom,მხედავ,A) შენ → მე|B) მე → შენ|C) შენ → ის|D) ის → მე,A
verbs-023,who_to_whom,გვხედავს,A) ის → ჩვენ|B) ჩვენ → ის|C) ის → თქვენ|D) ისინი → ჩვენ,A
verbs-024,who_to_whom,გხედავენ,A) ის → შენ|B) ისინი → შენ|C) შენ → ისინი|D) ისინი → მე,B
verbs-025,who_to_whom,მომწერა,A) მე → მას → ის|B) შენ → მე → ის|C) მან → მე → ის|D) მან → შენ → ის,C
verbs-026,who_to_whom,მოგწერე,A) მან → შენ → ის|B) შენ → მე → ის|C) მე → მას → ის|D) მე → შენ → ის,D
verbs-027,who_to_whom,დამირეკა,A) მე → მას|B) მათ → მე|C) შენ → მე|D) მან → მე,D
verbs-028,who_to_whom,დაგირეკე,A) მე → შენ|B) შენ → მე|C) მე → ის|D) ის → შენ,A
verbs-029,who_to_whom,მიყვარდი,A) მე → შენ|B) შენ → მე|C) ის → შენ|D) მე → ის,A
verbs-030,who_to_whom,დამიწერე,A) შენ → მას → ის|B) შენ → მე → ის|C) მე → შენ → ის|D) მან → მე → ის,B
verbs-031,who_to_whom,დამიწერია,A) მე → ის|B) ჩვენ → ის|C) ის → მე|D) შენ → ის,A
verbs-032,who_to_whom,დაგიწერია,A) ის → მე|B) მე → ის|C) ის → შენ|D) შენ → ის,D
verbs-033,who_to_whom,გინახივარ,A) ის → მე|B) მე → შენ|C) შენ → მე|D) შენ → ის,C
verbs-034,who_to_whom,გიყიდე,A) მე → მას → ის|B) შენ → მე → ის|C) მან → შენ → ის|D) მე → შენ → ის,D
verbs-035,who_to_whom,მიჭმიე,A) მათ → მე → მას → ის|B) მან → მე → მას → ის|C) შენ → მე → მას → ის|D) მე → შენ → მას → ის,C
verbs-036,who_to_whom,მაჩუქა,A) მე → მას → ის|B) მან → შენ → ის|C) მან → მე → ის|D) შენ → მე → ის,C
verbs-037,who_to_whom,გაჩუქე,A) შენ → მე → ის|B) მე → მას → ის|C) მან → შენ → ის|D) მე → შენ → ის,D
verbs-038,who_to_whom,მაპატიე,A) შენ → მე → ის|B) მე → შენ → ის|C) მან → მე → ის|D) შენ → მას → ის,A
verbs-039,who_to_whom,გაპატიე,A) მე → შენ → ის|B) მე → მას → ის|C) შენ → მე → ის|D) მან → შენ → ის,A
verbs-040,form,დაწერა; მე → ის; aorist,,დავწერე
verbs-041,form,დაწერა; მათ → ის; aorist,,დაწერეს
verbs-042,form,დაწერა; მე → ის; perfect,,დამიწერია
verbs-043,form,დაწერა; მას → ის; perfect,,დაუწერია
verbs-044,form,დაწერა; ჩვენ → მას; future,,დავწერთ
verbs-045,form,დანახვა; მე → შენ; aorist,,დაგინახე
verbs-046,form,დანახვა; მათ → ჩვენ; aorist,,დაგვინახეს
verbs-047,form,მიცემა; მან → მე → ის; aorist,,მომცა
verbs-048,form,მიცემა; მე → შენ → ის; aorist,,მოგეცი
verbs-049,form,მიცემა; მათ → ჩვენ → ის; aorist,,მოგვცეს
verbs-050,form,მიცემა; მე → შენ → მას; future,,მოგცემ
verbs-051,form,ჩუქება; მე → შენ → ის; aorist,,გაჩუქე
verbs-052,form,ჩუქება; მან → მე → ის; aorist,,მაჩუქა
verbs-053,form,ჩუქება; ჩვენ → თქვენ → მას; future,,გაჩუქებთ
verbs-054,form,გაგზავნა; მე → შენ → ის; aorist,,გამოგიგზავნე
verbs-055,form,გაგზავნა; მე → მას → ის; aorist,,გავუგზავნე
verbs-056,form,დარეკვა; მან → ჩვენ; aorist,,დაგვირეკა
verbs-057,form,დარეკვა; შენ → მე; aorist,,დამირეკე
verbs-058,form,სიყვარული; მას → მე; present,,ვუყვარვარ
verbs-059,form,სიყვარული; შენ → მე; present,,გიყვარვარ
verbs-060,form,სიყვარული; ჩვენ → თქვენ; present,,გვიყვარხართ
verbs-061,form,სიყვარული; მე → შენ; imperfect,,მიყვარდი
verbs-062,form,შეყვარება; მე → შენ; aorist,,შემიყვარდი
verbs-063,form,მონატრება; მას → მე; present,,ვენატრები
verbs-064,form,მონატრება; მე → შენ; aorist,,მომენატრე
verbs-065,form,ყოლა; მას → შენ; present,,ჰყავხარ
verbs-066,form,ცნობა; მე → შენ; present,,გიცნობ
verbs-067,form,ხედვა; ისინი → მე; present,,მხედავენ
verbs-068,form,დახატვა; მას → ის; perfect,,დაუხატავს
verbs-069,form,გაკეთება; მე → ის; perfect,,გამიკეთებია
verbs-070,form,დალევა; მე → ის; aorist,,დავლიე
verbs-071,form,ჭამა; მე → ის; perfect,,მიჭამია
verbs-072,form,თქმა; მე → შენ → ის; aorist,,გითხარი
verbs-073,form,თქმა; მან → მე → ის; aorist,,მითხრა
verbs-074,form,თქმა; მე → შენ → მას; future,,გეტყვი
verbs-075,form,მოსვლა; მე; aorist,,მოვედი
verbs-076,form,მოსვლა; ისინი; aorist,,მოვიდნენ
verbs-077,form,მოსვლა; მე; future,,მოვალ
verbs-078,form,წასვლა; ჩვენ; aorist,,წავედით
verbs-079,form,ყოფნა; მე; aorist,,ვიყავი
verbs-080,preverb,გიორგი ზედა სართულზე ___ვიდა.,A) შე|B) გა|C) ა|D) ჩა,C
verbs-081,preverb,გიორგი სარდაფში ___ვიდა.,A) ა|B) ჩა|C) შე|D) გა,B
verbs-082,preverb,გიორგი ოთახიდან ___ვიდა.,A) გა|B) შე|C) ა|D) ჩა,A
verbs-083,preverb,გიორგი ოთახში ___ვიდა.,A) ჩა|B) ა|C) გა|D) შე,D
verbs-085,preverb,მეგობარი ჩემთან ___ვიდა.,A) შე|B) მო|C) მი|D) გა,B
verbs-086,preverb,ბავშვი ქუჩის მეორე მხარეს ___ვიდა.,A) შე|B) ა|C) გადა|D) ჩა,C
verbs-088,preverb,ჩემი კოლეგა საზღვარგარეთიდან ___ვიდა.,A) გამო|B) ამო|C) შემო|D) ჩამო,D
verbs-089,preverb,მასწავლებელი კლასში ___ვიდა და ჩვენ ავდექით.,A) გა|B) გამო|C) შემო|D) შე,C
verbs-090,preverb,ის ოთახიდან ___ვიდა და მომესალმა.,A) შემო|B) შე|C) გამო|D) გა,C
verbs-091,preverb,მზე ზღვაში ___ვიდა.,A) გა|B) ა|C) შე|D) ჩა,D
verbs-092,preverb,დილით მზე ___ვიდა.,A) ამო|B) ჩამო|C) შემო|D) გამო,A
verbs-093,preverb,მან ცას ___ხედა.,A) გა|B) ა|C) ჩა|D) შე,B
verbs-094,preverb,მან ჭაში ___ხედა.,A) გა|B) ა|C) ჩა|D) ჩაი,D
verbs-095,preverb,მან ფანჯრიდან ___იხედა.,A) შე|B) ა|C) გა|D) ჩა,C
verbs-096,preverb,მან ბურთი მაღლა ___აგდო.,A) ა|B) ჩა|C) გა|D) და,A
verbs-097,preverb,მან ქვა წყალში ___აგდო.,A) ჩა|B) ა|C) გა|D) შე,A
verbs-098,preverb,მათ ახალი სახლი ___აშენეს.,A) გა|B) და|C) ჩა|D) ა,D
verbs-099,preverb,მან კარი ___აღო.,A) და|B) ჩა|C) ა|D) გა,D
verbs-101,preverb,დედამ ვახშამი ___ამზადა.,A) და|B) მო|C) ა|D) ჩა,B
verbs-102,preverb,მან წიგნი ___იკითხა.,A) და|B) წა|C) ა|D) გა,B
verbs-104,preverb,მან ჭიქა წყალი ___ლია.,A) ჩა|B) გა|C) და|D) ა,C
verbs-105,preverb,მეტყევემ ხე ___ჭრა.,A) მო|B) ჩა|C) ა|D) გა,A
verbs-106,preverb,მან ვაშლი ___ჭამა.,A) ა|B) და|C) შე|D) გა,C
verbs-108,preverb,"მან ტელევიზორი ___რთო, რომ ფილმი ენახა.",A) ჩა|B) ა|C) და|D) გამო,A
verbs-109,preverb,მან ტელევიზორი ___რთო და დაიძინა.,A) ჩა|B) ა|C) გამო|D) და,C
verbs-110,preverb,მან სადილის ფული ___იხადა.,A) ჩა|B) გა|C) გადა|D) ა,C
verbs-111,preverb,სახლში შესვლისას მან ქურთუკი ___იხადა.,A) ჩა|B) გა|C) გადა|D) ა,B
verbs-112,preverb,"ცივა, ამიტომ მან თბილი ქურთუკი ___იცვა.",A) გა|B) და|C) ჩა|D) ა,C
verbs-113,preverb,მან ჩანთა მაგიდიდან ___იღო.,A) გა|B) და|C) ა|D) ჩა,C
verbs-114,preverb,მან წიგნი თაროზე ___დო.,A) და|B) ჩა|C) ა|D) გა,A
verbs-115,preverb,მან ფული ჯიბეში ___დო.,A) და|B) ჩაი|C) ა|D) გა,B
verbs-116,preverb,ის სკამზე ___ჯდა.,A) შე|B) ა|C) ჩა|D) და,D
verbs-117,preverb,ის მანქანაში ___ჯდა.,A) და|B) ჩა|C) ა|D) შე,B
verbs-118,preverb,ის ცხენზე ___ჯდა.,A) ა|B) და|C) ჩა|D) შე,D
verbs-119,preverb,მან დილის შვიდზე ___იღვიძა.,A) გა|B) ჩა|C) ა|D) და,A
